Stock,Date,Open,High,Low,Close,Volume
HILTON,20-Sep-24,84.14,87,84.14,84.87,100625
HILTON,19-Sep-24,87.5,88,83.72,84.34,190045
HILTON,18-Sep-24,88,88.73,84.96,87.5,204601
HILTON,17-Sep-24,88.24,90.9,87.5,87.82,171564
HILTON,16-Sep-24,90.01,90.8,87.1,88.1,209499
HILTON,13-Sep-24,92.47,93.09,89.21,89.95,110853
HILTON,12-Sep-24,91.01,94.15,91.01,92.2,224386
HILTON,11-Sep-24,87.7,93.5,87.7,91.65,495385
HILTON,10-Sep-24,87.99,89.77,87,87.21,90876
HILTON,09-Sep-24,88.47,91,86.6,87.39,236355
HILTON,06-Sep-24,87,89.3,84.72,88.58,298953
HILTON,05-Sep-24,88.9,91,85.69,86.31,362066
HILTON,04-Sep-24,90.7,91.49,83.1,88.14,781162
HILTON,03-Sep-24,93.16,95,86.01,90.2,839349
HILTON,02-Sep-24,95,96,90.5,93.21,474122
HILTON,30-Aug-24,83.54,91.43,83.52,91.43,343275
HILTON,29-Aug-24,88,88.38,81.7,83.12,268777
HILTON,28-Aug-24,90.43,90.43,85.15,87.21,46186
HILTON,27-Aug-24,90,92.81,89.34,89.76,266129
HILTON,26-Aug-24,87.76,92.35,86.31,89.64,381708
HILTON,23-Aug-24,83.99,89.74,83.5,87.6,215926
HILTON,22-Aug-24,83,84.89,82.95,83.45,44452
HILTON,21-Aug-24,82.4,83.47,81.79,82.76,52342
HILTON,20-Aug-24,82.5,82.99,81.51,81.92,41037
HILTON,19-Aug-24,81.51,83.35,81.46,82.29,33729
HILTON,16-Aug-24,81.61,83.16,81.11,81.46,53286
HILTON,14-Aug-24,84.9,84.9,80.1,82.3,71471
HILTON,13-Aug-24,84.56,87.3,83,83.32,62202
HILTON,12-Aug-24,85,85.94,84.15,84.77,41032
HILTON,09-Aug-24,86.1,86.95,85.2,85.64,51672
HILTON,08-Aug-24,86.8,87.29,85.1,85.67,36010
HILTON,07-Aug-24,86.16,87.65,84.68,85.09,35323
HILTON,06-Aug-24,83.99,87.65,81.5,84.66,120076
HILTON,05-Aug-24,84.4,85.9,83.1,83.71,113306
HILTON,02-Aug-24,86,87.58,84.83,86.56,39283
HILTON,01-Aug-24,91.99,92,86.4,86.91,108344
HILTON,31-Jul-24,92.8,93.35,90.52,90.73,205665
HILTON,30-Jul-24,87.9,91.75,87.65,91.34,354697
HILTON,29-Jul-24,84.79,88.78,84.79,87.39,177424
HILTON,26-Jul-24,84.64,85.67,84.01,84.57,77623
HILTON,25-Jul-24,85.93,85.93,84.51,84.64,120506
HILTON,24-Jul-24,86.65,86.9,85,85.74,57117
HILTON,23-Jul-24,87.8,87.8,84.02,85.2,68184
HILTON,22-Jul-24,86.5,87.99,86,86.23,84694
HILTON,19-Jul-24,88.9,89.89,86,86.16,62734
HILTON,18-Jul-24,90,90.99,87.4,88.39,88848
HILTON,16-Jul-24,88.2,91.8,88.2,89.85,305127
HILTON,15-Jul-24,92.24,92.24,86.96,87.87,128661
HILTON,12-Jul-24,86.4,90,86.4,89.08,287665
HILTON,11-Jul-24,83.39,86.7,83.21,85.78,208925
HILTON,10-Jul-24,85,85.4,81.7,82.59,343522
HILTON,09-Jul-24,90.9,91.5,86,86,350355
HILTON,08-Jul-24,92.55,92.66,89.25,90.53,470273
HILTON,05-Jul-24,86.3,88.25,86.02,88.25,518498
HILTON,04-Jul-24,81.99,84.05,81.26,84.05,1049811
HILTON,03-Jul-24,78.66,84.6,77.91,80.05,2602445
HILTON,02-Jul-24,90.26,92.14,81.36,81.36,3997623
HILTON,01-Jul-24,95.9,98,89.51,90.41,1414448
HILTON,28-Jun-24,100.99,101.29,94.78,95.05,1470224
HILTON,27-Jun-24,100.89,104.69,98.2,99.87,859992
HILTON,26-Jun-24,102.79,102.79,98.03,100.04,863839
HILTON,25-Jun-24,107.45,108,101.5,101.94,1653275
HILTON,24-Jun-24,112.98,112.99,105.4,106.36,3422399
HILTON,21-Jun-24,110.4,110.45,106.7,108.4,374910
HILTON,20-Jun-24,109,110.99,107.81,109.12,632590
HILTON,19-Jun-24,111,111.6,107.1,108.43,584664
HILTON,18-Jun-24,113.4,113.4,107.62,109.18,867470
HILTON,14-Jun-24,113.8,115.3,110.72,111.07,895572
HILTON,13-Jun-24,119,120.98,112.69,114.3,940483
HILTON,12-Jun-24,119.88,120,116.31,117.88,203211
HILTON,11-Jun-24,119.31,121.17,118.03,119.88,317025
HILTON,10-Jun-24,123.6,124.4,117.89,119.22,137642
HILTON,07-Jun-24,117.9,124.2,114.3,123.45,536757
HILTON,06-Jun-24,111.9,114,110.75,114,378259
HILTON,05-Jun-24,113.9,113.9,108.4,108.6,277639
HILTON,04-Jun-24,119.25,122.95,114.1,114.1,165650
HILTON,03-Jun-24,122.45,122.45,116.65,120.1,301034
HILTON,31-May-24,117.2,120.65,113.65,120.2,274608
HILTON,30-May-24,124.4,124.4,117,119.6,112925
HILTON,29-May-24,121.35,124.4,120.15,122.45,185470
HILTON,28-May-24,124.2,124.2,119.2,121.45,116631
HILTON,27-May-24,127.4,127.4,122.25,124.25,103739
HILTON,24-May-24,127.45,127.45,123.8,124.7,225718
HILTON,23-May-24,128,128,123,124.8,168718
HILTON,22-May-24,124.75,128,120.35,125.7,298460
HILTON,21-May-24,124.45,126,122,124.55,162220
HILTON,18-May-24,121.95,127.2,121,126,51653
HILTON,17-May-24,121.5,122.15,120.2,121.15,113261
HILTON,16-May-24,119.85,124.6,117.7,120.65,383229
HILTON,15-May-24,116.95,118.75,110.2,118.7,250952
HILTON,14-May-24,108.95,113.1,107.8,113.1,117885
HILTON,13-May-24,111.9,111.9,106.25,107.75,179683
HILTON,10-May-24,111.9,113.45,109,109.85,149990
HILTON,09-May-24,113.15,114.5,108.55,111.6,93893
HILTON,08-May-24,114.95,115,111.45,112.75,82885
HILTON,07-May-24,114.35,114.35,110.7,113.9,123481
HILTON,06-May-24,116.95,116.95,111.2,113.75,95148
HILTON,03-May-24,116.5,117,113.55,115.6,137049
HILTON,02-May-24,111.15,116.35,111.15,113.15,309616
HILTON,30-Apr-24,117.8,117.8,114.55,116.35,170612
HILTON,29-Apr-24,118.95,119,114.3,115.85,189587
HILTON,26-Apr-24,115.95,118.4,114.25,117.7,195647
HILTON,25-Apr-24,121,121,114.15,116.85,239865
HILTON,24-Apr-24,117.4,121.45,115.35,118.8,264978
HILTON,23-Apr-24,119,119,114.1,117.4,220036
HILTON,19-Apr-24,115.5,117.5,112.9,116.7,141174
HILTON,18-Apr-24,119,120.35,113.15,114.3,121882
HILTON,16-Apr-24,118.8,124.5,116,118.6,121216
HILTON,15-Apr-24,121.95,121.95,117.6,118.75,112668
HILTON,12-Apr-24,123.9,124.45,120.55,123.65,88855
HILTON,10-Apr-24,127.1,128.35,122.55,123.25,92917
HILTON,09-Apr-24,125.95,128.55,122.2,127.1,162186
HILTON,08-Apr-24,132.15,135.25,125.55,125.6,120083
HILTON,05-Apr-24,133.75,135.4,130.3,132.15,305956
HILTON,04-Apr-24,129,135.9,128.9,134.65,483602
HILTON,03-Apr-24,131.15,134.9,127,128.7,782720
HILTON,02-Apr-24,112.95,123.4,112.4,123.4,815781
HILTON,01-Apr-24,96.8,112.2,96.8,112.2,720678
HILTON,28-Mar-24,101.75,104.9,99.25,102,390936
HILTON,27-Mar-24,105,108.3,99.9,102.2,549469
HILTON,26-Mar-24,113.05,113.2,105,106.7,373164
HILTON,22-Mar-24,110,113,105.45,110.7,430830
HILTON,21-Mar-24,108.5,111,106.2,109.8,319939
HILTON,20-Mar-24,113.5,113.5,104.85,108.65,233650
HILTON,19-Mar-24,115,115.6,107,111.65,462627
HILTON,18-Mar-24,112.05,117.8,112.05,115.75,358208
HILTON,15-Mar-24,110.4,116.35,107.5,112.05,273690
HILTON,14-Mar-24,114,118.85,97.05,110.4,741565
HILTON,13-Mar-24,146.1,148.45,116.2,116.2,764056
HILTON,12-Mar-24,154.45,154.45,143,145.25,569947
HILTON,11-Mar-24,157.6,157.6,148.1,154.85,533845
HILTON,07-Mar-24,155.55,160,153.75,157.6,512308
HILTON,06-Mar-24,160.35,160.4,153.3,155.7,463820
HILTON,05-Mar-24,160.05,160.55,155.5,160.3,849458
HILTON,04-Mar-24,160,164.35,156.3,160.95,1265657
HILTON,02-Mar-24,154.3,162,153.95,160.8,517900
HILTON,01-Mar-24,148.9,155.2,146.25,154.3,677219
HILTON,29-Feb-24,151.8,151.8,144.1,148.2,297017
HILTON,28-Feb-24,147,152,145.5,149.7,696501
HILTON,27-Feb-24,148.7,150,142.5,146.75,513742
HILTON,26-Feb-24,141.4,151.15,139.5,148.6,623049
HILTON,23-Feb-24,142,143.8,137.5,141.4,548817
HILTON,22-Feb-24,135.95,142,132.15,141.05,800513
HILTON,21-Feb-24,131,136,129.2,132.85,537788
HILTON,20-Feb-24,130.9,132.65,128.4,130.75,349813
HILTON,19-Feb-24,128.75,133.4,127.55,129.4,257077
HILTON,16-Feb-24,130.1,131.6,126,128.75,156200
HILTON,15-Feb-24,129.95,133.15,126.2,128.55,226733
HILTON,14-Feb-24,130.9,130.9,124,129.15,229469
HILTON,13-Feb-24,133.95,134,126.55,129.1,164526
HILTON,12-Feb-24,137,141,132.1,134.4,291167
HILTON,09-Feb-24,136.4,142.9,125.85,138,428866
HILTON,08-Feb-24,140.9,140.9,131.7,132.55,338445
HILTON,07-Feb-24,152.8,157.3,134.65,138.1,1183221
HILTON,06-Feb-24,144.3,153.65,144,150.75,929225
HILTON,05-Feb-24,131,145.35,129.1,142.35,1013524
HILTON,02-Feb-24,129.7,131.65,125.85,129.6,222268
HILTON,01-Feb-24,133.5,135.9,128,129.5,184233
HILTON,31-Jan-24,133.2,133.4,128.35,130.75,191057
HILTON,30-Jan-24,131.5,138,129.8,134.5,516062
HILTON,29-Jan-24,129,132,128,129.75,216735
HILTON,25-Jan-24,130.85,133,128.6,129.2,99846
HILTON,24-Jan-24,133.45,133.45,127.8,130.85,152175
HILTON,23-Jan-24,134,138,128.6,133.45,150643
HILTON,20-Jan-24,137.7,139,132.6,135.2,182946
HILTON,19-Jan-24,130.5,138.95,129.65,134.65,394982
HILTON,18-Jan-24,128.15,130.3,123.3,126.7,91147
HILTON,17-Jan-24,131.9,134.3,129,130.9,94444
HILTON,16-Jan-24,136.7,138,130.95,131.9,95129
HILTON,15-Jan-24,138.4,139.75,134,135.45,126770
HILTON,12-Jan-24,131.65,139.5,130.1,135.4,339873
HILTON,11-Jan-24,131.65,139.5,130.1,136.3,265663
HILTON,10-Jan-24,137.9,137.9,130.4,132.95,148112
HILTON,09-Jan-24,135.85,138.5,132.7,135,129298
HILTON,08-Jan-24,138.55,143,131.8,135.85,297276
HILTON,05-Jan-24,131.95,143.7,130.3,138.55,499967
HILTON,04-Jan-24,133.4,133.7,129.6,130.4,143334
HILTON,03-Jan-24,130,139.3,129.75,131.8,230392
HILTON,02-Jan-24,134,136.05,128.35,131.45,436946
HILTON,01-Jan-24,127.4,128.4,102.15,113.55,1390091
HILTON,29-Dec-23,127.4,128.4,102.15,113.55,1390091
HILTON,28-Dec-23,133.95,134.9,126,127.35,252930
HILTON,27-Dec-23,134.95,135.9,128.75,132.25,253944
HILTON,26-Dec-23,136.9,136.9,130.1,131.5,72229
HILTON,22-Dec-23,137.4,137.4,132,133.4,48011
HILTON,21-Dec-23,132.45,134.85,130.15,132.7,53694
HILTON,20-Dec-23,137.65,138.45,124.85,132.5,115245
HILTON,19-Dec-23,138,138.85,135.65,136.2,36492
HILTON,18-Dec-23,142,142,134.9,135.85,45614
HILTON,15-Dec-23,141.7,142.45,134,138.85,145545
HILTON,14-Dec-23,142.4,142.4,138.35,139.45,93773
HILTON,13-Dec-23,138,141.5,135.3,140.4,92918
HILTON,12-Dec-23,140.85,140.85,135.1,136.85,61482
HILTON,11-Dec-23,143.4,143.4,135,137.85,105597
HILTON,08-Dec-23,141.45,142.5,138.1,139.9,90251
HILTON,07-Dec-23,137.95,139,135.95,138.4,158131
HILTON,06-Dec-23,140.15,143.85,138,138.55,44975
HILTON,05-Dec-23,145.4,145.4,139.5,142.15,71309
HILTON,04-Dec-23,146,153.05,141,142.1,44518
HILTON,01-Dec-23,142,146,140.35,142.05,53400
HILTON,30-Nov-23,144.35,144.5,141,142.2,54890
HILTON,29-Nov-23,148.65,148.7,142.1,144.05,37916
HILTON,28-Nov-23,150,152.25,145.3,146.1,61192
HILTON,24-Nov-23,144.5,151.8,140.5,148.95,182419
HILTON,23-Nov-23,145.9,145.9,140,141.1,34796
HILTON,22-Nov-23,146,146,142.9,145,25054
HILTON,21-Nov-23,139.7,147.95,138.55,145.2,231187
HILTON,20-Nov-23,140.1,143.65,138.35,139.7,36074
HILTON,17-Nov-23,144.8,144.8,139.1,142.9,161093
HILTON,16-Nov-23,148,148,140,143.4,78317
HILTON,15-Nov-23,144.55,148.5,143.05,144,31268
HILTON,13-Nov-23,153.5,153.5,142.8,144.2,69067
HILTON,12-Nov-23,153.5,153.5,142.8,144.2,69067
HILTON,10-Nov-23,146.6,148,141,147.45,123117
HILTON,09-Nov-23,143.9,145.4,140,142.1,35555
HILTON,08-Nov-23,155,159,143,143.9,53176
HILTON,07-Nov-23,154.5,154.5,149.8,152.35,5023
HILTON,06-Nov-23,145.7,153.9,142,152.45,126478
HILTON,03-Nov-23,144.9,148.95,138.1,141.95,46206
HILTON,02-Nov-23,144.4,144.9,141,142.9,10695
HILTON,01-Nov-23,147.5,147.5,140.6,142.45,18198
HILTON,31-Oct-23,144,146.1,143,145.3,104586
HILTON,30-Oct-23,145.3,145.3,142.8,143.5,18017
HILTON,27-Oct-23,145,146,141.15,145.3,35210
HILTON,26-Oct-23,145.85,146.8,137.05,145.6,121725
HILTON,25-Oct-23,152,152,142.5,143.85,40609
HILTON,23-Oct-23,153.55,156,141.05,149.75,154554
HILTON,20-Oct-23,153,153,149,150.35,22799
HILTON,19-Oct-23,151.95,153,147.8,151.4,42084
HILTON,18-Oct-23,155.1,156.8,147.95,149.95,83997
HILTON,17-Oct-23,158,158,148.55,155.95,169813
HILTON,16-Oct-23,150,153.45,148.5,149.65,42971
HILTON,13-Oct-23,150.5,156.4,149.5,153.2,52769
HILTON,12-Oct-23,156.4,156.65,150.55,153.8,202471
HILTON,11-Oct-23,159.8,160.65,154.25,156.75,81714
HILTON,10-Oct-23,157.2,160,153,159.25,120131
HILTON,09-Oct-23,156.85,160,150.75,157.2,122938
HILTON,06-Oct-23,154.85,158.95,153.3,157.85,128665
HILTON,05-Oct-23,158.9,158.9,152.05,153.65,49771
HILTON,04-Oct-23,158,159,151.6,154.55,100058
HILTON,03-Oct-23,165,165,157.15,158.55,123854
HILTON,29-Sep-23,164.9,167,162.8,165.4,80806
HILTON,28-Sep-23,166.8,166.8,161.7,163.9,50940
HILTON,27-Sep-23,168.3,169.25,163.55,165.55,52192
HILTON,26-Sep-23,164,168.9,160.35,167,157917
HILTON,25-Sep-23,164.1,167.65,161.5,163.5,80429
HILTON,22-Sep-23,170.95,170.95,163.15,164.75,78435
HILTON,21-Sep-23,165.5,169,163.55,166.25,141479
HILTON,20-Sep-23,166,166,162.05,163.75,91362
HILTON,18-Sep-23,166.5,170.55,164,166.2,131562
HILTON,15-Sep-23,164.4,166.05,157.65,164.75,216609
HILTON,14-Sep-23,162.7,163.5,158.1,161.95,100463
HILTON,13-Sep-23,157.9,161,154,159.7,261329
HILTON,12-Sep-23,161.45,163.6,152.3,157.25,158458
HILTON,11-Sep-23,157,157.8,150.3,157.6,139789
HILTON,08-Sep-23,145,151.4,145,150.3,72764
HILTON,07-Sep-23,141.5,144.9,138.1,144.2,57667
HILTON,06-Sep-23,139.5,142.9,136.1,141.75,36718
HILTON,05-Sep-23,135.25,141,130.05,139.6,138267
HILTON,04-Sep-23,139,142,134,135.25,55256
HILTON,01-Sep-23,139.9,139.95,135.15,139.8,47760
HILTON,31-Aug-23,138.15,140.6,135,138.9,20714
HILTON,30-Aug-23,141.7,142.8,135.25,138.15,31507
HILTON,29-Aug-23,143,144.9,137.1,140.9,55807
HILTON,28-Aug-23,139.7,144,132.7,141.7,88610
HILTON,25-Aug-23,143.4,143.4,135,139.65,93184
HILTON,24-Aug-23,146.85,146.85,138,142.1,140901
HILTON,23-Aug-23,149.4,149.4,144.65,145.25,35250
HILTON,22-Aug-23,149,149,144,148.3,22473
HILTON,21-Aug-23,149.7,149.7,144.1,148.6,31188
HILTON,18-Aug-23,147.9,149,142.8,147.75,58463
HILTON,17-Aug-23,147.9,147.9,140.4,146.3,53287
HILTON,16-Aug-23,151,153,144,145.3,35274
HILTON,14-Aug-23,153,153,146,150.25,38198
HILTON,11-Aug-23,148.6,156,148.5,153.55,53605
HILTON,10-Aug-23,149,157.5,143.15,153.2,175948
HILTON,09-Aug-23,161.7,161.7,150.35,150.65,96258
HILTON,08-Aug-23,161.9,161.9,154.1,158.25,35335
HILTON,07-Aug-23,160.15,164.5,157.1,158.15,25063
HILTON,04-Aug-23,166.8,166.8,158.55,160.85,36074
HILTON,03-Aug-23,160.3,165.8,160.3,164.65,15369
HILTON,02-Aug-23,166,166,162,162.55,19810
HILTON,01-Aug-23,162.15,167,162,166.75,58352
HILTON,31-Jul-23,163.4,166,158,164.65,96798
HILTON,28-Jul-23,161,166.85,156,159.3,31564
HILTON,27-Jul-23,168.6,168.6,162.25,163.55,21407
HILTON,26-Jul-23,166.15,170,165.1,165.9,23727
HILTON,25-Jul-23,165.75,169,165,166.15,33760
HILTON,24-Jul-23,164.9,167.8,162,165.8,24322
HILTON,21-Jul-23,162,169.9,160,164.9,66824
HILTON,20-Jul-23,164.65,165,160,163.3,34628
HILTON,19-Jul-23,161.95,164.9,159.1,163.55,23679
HILTON,18-Jul-23,159.4,167.4,159.4,161.95,15201
HILTON,17-Jul-23,169.5,169.5,163,166.15,13306
HILTON,14-Jul-23,166.4,168.95,162.15,167.6,28338
HILTON,13-Jul-23,169.5,169.5,161,164.45,37033
HILTON,12-Jul-23,170,171,166.25,166.55,11920
HILTON,11-Jul-23,170.9,171,167,168.25,10459
HILTON,10-Jul-23,169.4,170.95,166,169.95,53772
HILTON,07-Jul-23,169.95,171.5,166,169.65,43280
HILTON,06-Jul-23,165,168.95,160,167.35,73357
HILTON,05-Jul-23,166.25,166.3,161.5,164.55,40835
HILTON,04-Jul-23,166.3,168.9,163.1,165.3,62537
HILTON,03-Jul-23,163.5,167.95,162.6,163.4,16201
HILTON,30-Jun-23,167,171.85,164.2,167.5,22134
HILTON,28-Jun-23,168.5,170.3,164,167.55,41049
HILTON,27-Jun-23,167.55,169.7,161,164.75,15695
HILTON,26-Jun-23,169,169.95,166.1,167.55,17231
HILTON,23-Jun-23,170.45,172.7,162.1,168.65,64664
HILTON,22-Jun-23,173.9,173.9,167.5,170.45,64854
HILTON,21-Jun-23,169,173.7,168,172.4,60271
HILTON,20-Jun-23,169.9,172,166,171.75,72682
HILTON,19-Jun-23,173.5,174,167,168.4,93341
HILTON,16-Jun-23,168,170,162.3,169.75,63562
HILTON,15-Jun-23,164.7,167.6,162.5,166.95,106711
HILTON,14-Jun-23,167.2,167.2,160,163.6,153269
HILTON,13-Jun-23,165.5,167,161.1,163.75,10571
HILTON,12-Jun-23,158.45,166.35,155.45,163.7,76570
HILTON,09-Jun-23,156.75,162,154,158.45,100241
HILTON,08-Jun-23,160.9,161,154.5,156,59960
HILTON,07-Jun-23,154.95,160,152.05,158.9,47259
HILTON,06-Jun-23,161.8,162.5,157,158.8,202642
HILTON,05-Jun-23,161.45,164,157.7,159.1,151012
HILTON,02-Jun-23,166.25,167,158.6,161.45,153723
HILTON,01-Jun-23,168.95,169.3,162.6,164.95,155894
HILTON,31-May-23,158.25,166,158.25,164.8,318476
HILTON,30-May-23,158.95,160.3,153.05,159.95,246568
HILTON,29-May-23,159.8,159.8,152,155.75,191242
HILTON,26-May-23,159.7,159.7,155.5,156.7,146628
HILTON,25-May-23,150.1,158.7,150.1,156.95,161255
HILTON,24-May-23,150.75,156,150.7,152.9,310108
HILTON,23-May-23,155,162.3,149.95,151.45,538300
HILTON,22-May-23,147.8,155.15,147.8,154.8,140066
HILTON,19-May-23,142.3,147.8,141,147.8,151656
HILTON,18-May-23,142.9,142.9,139.1,140.8,39227
HILTON,17-May-23,142.4,142.4,138.1,141.05,33994
HILTON,16-May-23,143.5,143.5,138.5,141.15,43726
HILTON,15-May-23,140.15,143,140,141.05,27441
HILTON,12-May-23,141,142.35,140,140.3,32647
HILTON,11-May-23,145.25,145.25,137.25,142.35,153819
HILTON,10-May-23,148.25,148.25,143.35,145.25,12074
HILTON,09-May-23,147.35,149.8,142,145.95,57586
HILTON,08-May-23,149.2,150.25,144,147,37793
HILTON,05-May-23,151.9,151.9,145,146.25,32419
HILTON,04-May-23,145.2,152.9,145.2,150.55,38417
HILTON,03-May-23,148.45,153,141.3,150.55,94352
HILTON,02-May-23,146.95,150,143.1,147.55,53060
HILTON,28-Apr-23,147,149.5,142,146.95,58885
HILTON,27-Apr-23,149,151,142,144.85,107173
HILTON,26-Apr-23,141.5,148,135.1,147.45,178368
HILTON,25-Apr-23,140,141.4,128,141.1,199988
HILTON,24-Apr-23,135.8,135.8,128.5,134.7,164864
HILTON,21-Apr-23,129.35,129.35,126.9,129.35,134261
HILTON,20-Apr-23,117.4,123.2,117.4,123.2,176791
HILTON,19-Apr-23,120,120,116.15,117.35,24754
HILTON,18-Apr-23,120.7,123,118,119.4,36902
HILTON,17-Apr-23,118,120.4,116,119.7,78586
HILTON,13-Apr-23,119.7,121,115.5,119.1,56830
HILTON,12-Apr-23,118.45,121.95,114,119.65,61746
HILTON,11-Apr-23,118.6,123,116.05,118.45,61914
HILTON,10-Apr-23,117,121.3,115.1,118.3,81299
HILTON,06-Apr-23,115,115.55,110.05,115.55,93680
HILTON,05-Apr-23,107.4,110.05,105,110.05,88601
HILTON,03-Apr-23,104.8,104.85,103.15,104.85,51509
HILTON,31-Mar-23,95.15,99.9,95.15,99.9,21170
HILTON,29-Mar-23,99.7,99.7,94.5,95.15,54382
HILTON,28-Mar-23,101.9,104.75,97.15,98.65,63820
HILTON,27-Mar-23,107.9,107.9,101.05,101.9,32286
HILTON,24-Mar-23,102,107.95,102,105.45,16122
HILTON,23-Mar-23,104,108,101,105.35,23678
HILTON,22-Mar-23,101.25,107.6,101.25,104,22309
HILTON,21-Mar-23,104.7,104.7,100.35,102.95,18148
HILTON,20-Mar-23,105,105.85,102.05,102.65,22023
HILTON,17-Mar-23,101,106.5,100,104.95,55223
HILTON,16-Mar-23,104.8,104.8,100.55,102.05,94427
HILTON,15-Mar-23,105.2,111.45,104.2,105.8,54217
HILTON,14-Mar-23,112.95,113,109.1,109.65,17521
HILTON,13-Mar-23,113.45,116.85,110,113,53594
HILTON,10-Mar-23,113.45,114,109,113.55,45785
HILTON,09-Mar-23,113.1,115,111.1,113.45,53122
HILTON,08-Mar-23,115,115.85,111,113.5,26828
HILTON,06-Mar-23,117.85,117.85,113.5,114.55,52151
HILTON,03-Mar-23,115.9,118.15,111.9,115.75,56084
HILTON,02-Mar-23,117.6,117.6,112.6,115.9,54829
HILTON,01-Mar-23,113,118.45,111.8,117.6,143370
HILTON,28-Feb-23,110,114.95,106.65,113.95,189189
HILTON,27-Feb-23,119.9,119.9,111.8,112.25,276213
HILTON,24-Feb-23,114,119,108.3,117.65,519386
HILTON,23-Feb-23,117.1,118.35,113,114,105524
HILTON,22-Feb-23,115.5,118.7,114.25,117.05,138466
HILTON,21-Feb-23,121,122.95,115.25,116.4,133214
HILTON,20-Feb-23,116.8,119.5,111.65,117.2,289179
HILTON,17-Feb-23,115.5,118.5,113.7,116.55,271724
HILTON,16-Feb-23,110.5,114.45,107.3,114.45,351386
HILTON,15-Feb-23,107,111,104,109,287433
HILTON,14-Feb-23,110,112.35,101.65,106.15,714794
HILTON,13-Feb-23,104.5,109.6,99.55,107,794091
HILTON,10-Feb-23,92.35,101.3,88.85,99.65,1033558
HILTON,09-Feb-23,82.6,92.5,82.35,92.35,575620
HILTON,08-Feb-23,82.5,86.95,82.5,84.1,86208
HILTON,07-Feb-23,82.35,84.75,82.35,84,70759
HILTON,06-Feb-23,81.05,82.3,80,81.75,40165
HILTON,03-Feb-23,82.75,84,79.35,81.05,157052
HILTON,02-Feb-23,82.95,84.5,80.5,82.7,63734
HILTON,01-Feb-23,87.4,88.3,82.05,82.45,205062
HILTON,31-Jan-23,87,90,85,86.35,212015
HILTON,30-Jan-23,84,87.25,83.55,86.85,239641
HILTON,27-Jan-23,87,87.05,81.5,83.1,272631
HILTON,25-Jan-23,87,88.9,85.45,85.7,139692
HILTON,24-Jan-23,93.35,93.35,86.45,87.9,848776
HILTON,23-Jan-23,87.5,88.95,85.2,88.95,67092
HILTON,20-Jan-23,79,84.75,77.55,84.75,377324
HILTON,19-Jan-23,82.75,84.2,80.5,80.75,524126
HILTON,18-Jan-23,88.35,88.9,84,84.35,661491
HILTON,17-Jan-23,92,96,87.4,87.6,1081611
HILTON,16-Jan-23,88.4,91.9,88,91.9,789261
HILTON,13-Jan-23,86.75,88.8,85.45,87.55,1034416
HILTON,12-Jan-23,81.5,84.65,81.5,84.65,617711
HILTON,11-Jan-23,77.2,81.65,75.5,80.65,440146
HILTON,10-Jan-23,76.7,78.05,74.85,77.8,964285
HILTON,09-Jan-23,74.35,74.35,72.2,74.35,383563
HILTON,06-Jan-23,68,70.85,66,70.85,325347
HILTON,05-Jan-23,66,68,65.9,67.5,124742
HILTON,04-Jan-23,66.5,66.7,65.3,65.7,48377
HILTON,03-Jan-23,66.45,68.1,65.1,65.95,102925
HILTON,02-Jan-23,65.85,66.9,64,66.8,164049
HILTON,30-Dec-22,64.95,64.95,63.25,63.75,55567
HILTON,29-Dec-22,64.85,64.85,63.1,63.7,21418
HILTON,28-Dec-22,63.95,65.3,63.55,63.85,37209
HILTON,27-Dec-22,65.4,65.4,62.85,63.45,52776
HILTON,26-Dec-22,62.5,64,60,63.5,88105
HILTON,23-Dec-22,61.5,62.95,59.75,61.5,302243
HILTON,22-Dec-22,63.8,65,59.45,62.7,326568
HILTON,21-Dec-22,66.15,66.5,62.2,62.55,72942
HILTON,20-Dec-22,66.9,66.9,65,65.45,43424
HILTON,19-Dec-22,67.25,67.25,65.05,65.75,32027
HILTON,16-Dec-22,66.15,67.5,65.05,65.9,41935
HILTON,15-Dec-22,68.3,68.55,66.15,66.7,70070
HILTON,14-Dec-22,68.9,68.9,66.3,68.3,83108
HILTON,13-Dec-22,67.9,68.15,66,67.5,47193
HILTON,12-Dec-22,65,68.3,64,66.1,90328
HILTON,09-Dec-22,66,67.55,64,65.25,83072
HILTON,08-Dec-22,68.8,70,66.15,66.8,107064
HILTON,07-Dec-22,67.2,69.4,65.6,68.85,291612
HILTON,06-Dec-22,62.05,66.15,61.65,66.15,376083
HILTON,05-Dec-22,63.1,65,62.55,63,1044673
HILTON,02-Dec-22,66.25,69.25,65.8,65.8,1029762
HILTON,01-Dec-22,69.25,71.5,69.25,69.25,452162
HILTON,30-Nov-22,73.35,74.65,72.85,72.85,419651
HILTON,29-Nov-22,80.9,80.9,76.15,76.65,122746
HILTON,28-Nov-22,76.1,80.95,76.1,79.5,134368
HILTON,25-Nov-22,73.9,77.4,73.8,77.4,134671
HILTON,24-Nov-22,75.75,77.7,73.25,73.75,66075
HILTON,23-Nov-22,75.4,77.95,74.5,75.95,72345
HILTON,22-Nov-22,78.5,78.5,75.5,76.2,30885
HILTON,21-Nov-22,75.65,78,72.7,77.55,82757
HILTON,18-Nov-22,73.2,76.85,72.1,75.05,91437
HILTON,17-Nov-22,75.1,77.85,72.65,73.2,53794
HILTON,16-Nov-22,77.05,77.9,74.6,75.3,90087
HILTON,15-Nov-22,79.15,79.15,76.25,77.7,364099
HILTON,14-Nov-22,69.6,75.4,68.3,75.4,251867
HILTON,11-Nov-22,76.05,78.5,71.85,71.85,212341
HILTON,10-Nov-22,82.65,82.65,74.85,75.6,818076
HILTON,09-Nov-22,78.75,78.75,78.75,78.75,46375
HILTON,07-Nov-22,74.75,75,73.25,75,182230
HILTON,04-Nov-22,69.45,71.45,68.75,71.45,441180
HILTON,03-Nov-22,65,68.75,65,68.05,97553
HILTON,02-Nov-22,69,69,65.55,66.1,105443
HILTON,01-Nov-22,67.15,68.7,67.15,67.75,48795
HILTON,31-Oct-22,71.35,71.35,67.5,68,88465
HILTON,28-Oct-22,70,70.35,68.1,69.1,79395
HILTON,27-Oct-22,68.45,70.5,66.8,68.7,99989
HILTON,25-Oct-22,69.7,70.35,68,68.45,30831
HILTON,24-Oct-22,69.65,71.9,68.8,69.7,37764
HILTON,21-Oct-22,72,72,68.1,68.75,87178
HILTON,20-Oct-22,66,68.7,64.1,68.7,155724
HILTON,19-Oct-22,71.45,73.95,69.6,69.6,311134
HILTON,18-Oct-22,74.05,76.95,73.25,73.25,426219
HILTON,17-Oct-22,80,80.4,76.5,77.1,142152
HILTON,14-Oct-22,80,81.45,76.1,79.9,326890
HILTON,13-Oct-22,79.75,80,77.8,78.5,114217
HILTON,12-Oct-22,76.8,80.05,75.9,79.1,221394
HILTON,11-Oct-22,79,80,75.75,76.25,255202
HILTON,10-Oct-22,81,82.95,79.7,79.7,217727
HILTON,07-Oct-22,81,85.7,81,83.85,481146
HILTON,06-Oct-22,78.7,83,77.95,82.2,303372
HILTON,04-Oct-22,76,79.45,72.4,79.45,322937
HILTON,03-Oct-22,74,75.75,73.95,75.7,80893
HILTON,30-Sep-22,68.25,72.15,68.25,72.15,143979
HILTON,29-Sep-22,72.35,74.2,68.75,68.75,197123
HILTON,28-Sep-22,73,75.85,72.35,72.35,237675
HILTON,27-Sep-22,80.15,81,76.15,76.15,329184
HILTON,26-Sep-22,83.5,83.5,78.6,80.15,560081
HILTON,23-Sep-22,79.5,83.25,76.95,82.7,550013
HILTON,22-Sep-22,74.35,80.3,73.2,80.2,783270
HILTON,21-Sep-22,82.6,83.45,76.25,76.5,1006280
HILTON,20-Sep-22,80,81.2,77.4,80.25,780500
HILTON,19-Sep-22,71.15,77.35,71.15,77.35,357406
HILTON,16-Sep-22,77.9,77.9,73.7,73.7,464596
HILTON,15-Sep-22,77.9,77.9,72.9,77.55,369888
HILTON,14-Sep-22,74,75.8,73.3,75.8,229247
HILTON,13-Sep-22,70.6,72.2,68.65,72.2,195609
HILTON,12-Sep-22,70.35,71.5,67.3,68.8,380283
HILTON,09-Sep-22,73.9,73.9,68.4,69,311517
HILTON,08-Sep-22,71.75,71.9,69.5,71.9,241200
HILTON,07-Sep-22,66,68.5,65.85,68.5,186197
HILTON,06-Sep-22,64,65.25,60.6,65.25,149705
HILTON,05-Sep-22,57.8,62.5,57.8,62.15,375653
HILTON,02-Sep-22,63,63.05,58.3,59.55,517418
HILTON,01-Sep-22,63.05,64.3,61.15,61.35,72070
HILTON,30-Aug-22,66.1,67,62.7,63.3,216252
HILTON,29-Aug-22,62.7,66.8,62.7,66,193730
HILTON,26-Aug-22,63.6,66,62.85,66,184114
HILTON,25-Aug-22,59.6,63,58.55,62.9,155424
HILTON,24-Aug-22,60.15,61.05,58.25,60,203867
HILTON,23-Aug-22,63,63.5,60.45,60.85,205335
HILTON,22-Aug-22,65,65,63.15,63.6,117742
HILTON,19-Aug-22,69.35,69.35,65,65.3,163121
HILTON,18-Aug-22,68,68.85,66.15,67,186283
HILTON,17-Aug-22,66.25,68,66.05,66.85,213777
HILTON,16-Aug-22,64,67,62.05,65.8,327493
HILTON,12-Aug-22,62.7,65.6,61.5,65.3,470743
HILTON,11-Aug-22,55.65,59.75,55.65,59.75,554272
HILTON,10-Aug-22,53,55.45,52.65,54.35,322685
HILTON,08-Aug-22,50.75,53.7,50.15,53.1,213601
HILTON,05-Aug-22,50.8,53,50.5,50.65,163706
HILTON,04-Aug-22,50.2,53.3,50.2,50.8,346153
HILTON,03-Aug-22,50.8,51.5,49.1,50.8,392316
HILTON,02-Aug-22,49.95,51.8,47.8,50.45,577632
HILTON,01-Aug-22,48.45,49.35,45.95,49.35,537660
HILTON,29-Jul-22,45.95,48.5,45.95,47,340415
HILTON,28-Jul-22,46.45,46.95,44.7,46.85,332261
HILTON,27-Jul-22,46.45,46.9,45.45,45.85,41104
HILTON,26-Jul-22,47.5,47.9,44.85,45.75,165095
HILTON,25-Jul-22,45.7,47,44.55,45.75,321188
HILTON,22-Jul-22,44.8,45.1,43.5,44.8,208437
HILTON,21-Jul-22,43.5,43.8,40.15,43.8,112769
HILTON,20-Jul-22,41.55,42.65,41.55,41.75,99689
HILTON,19-Jul-22,41.3,42.65,41.3,41.9,159311
HILTON,15-Jul-22,42,42.75,41.2,41.4,46030
HILTON,14-Jul-22,41.5,42.05,40.4,41.35,189655
HILTON,13-Jul-22,40.9,42.8,38.95,41.55,214713
HILTON,12-Jul-22,39.5,40.95,38.9,40.95,63421
HILTON,11-Jul-22,38.4,39,36.35,39,271563
HILTON,08-Jul-22,39.2,39.3,36.05,37.15,291924
HILTON,07-Jul-22,37.45,37.45,36.2,37.45,206913
HILTON,06-Jul-22,32.65,35.7,32.65,35.7,197167
HILTON,05-Jul-22,33.7,35.3,33.1,34,311568
HILTON,04-Jul-22,33.7,35.85,33.65,33.65,101331
HILTON,01-Jul-22,39.1,39.1,35.4,35.4,114156
HILTON,30-Jun-22,37.25,37.25,37.25,37.25,7606
HILTON,29-Jun-22,34.75,35.5,34.75,35.5,5310
HILTON,28-Jun-22,33.8,33.85,33.8,33.85,7881
HILTON,27-Jun-22,32.1,32.25,31.95,32.25,22831
HILTON,24-Jun-22,30.75,30.75,30.1,30.75,20763
HILTON,23-Jun-22,28.4,29.45,26.65,29.3,91547
HILTON,22-Jun-22,28,28.05,27.95,28.05,18274
HILTON,21-Jun-22,25.8,26.75,25.8,26.75,34755
HILTON,20-Jun-22,25.25,25.8,24.5,25.5,18646
HILTON,17-Jun-22,25,26.4,24.4,25.75,6194
HILTON,16-Jun-22,26.65,26.65,25.35,25.65,4523
HILTON,15-Jun-22,26,26.75,24.8,26.65,6970
HILTON,14-Jun-22,25,26,25,25.9,15872
HILTON,13-Jun-22,26,26.5,25.5,26.1,2714
HILTON,10-Jun-22,27,27,25.35,26.8,2353
HILTON,09-Jun-22,27.5,27.5,26.15,26.35,3330
HILTON,08-Jun-22,27.7,27.7,26.6,26.95,3530
HILTON,07-Jun-22,26.65,27.45,26.5,26.9,4366
HILTON,06-Jun-22,29.35,29.35,27.45,27.85,3121
HILTON,03-Jun-22,29.9,30.9,28.65,28.85,9831
HILTON,02-Jun-22,28.75,30.25,28.4,29.65,9361
HILTON,01-Jun-22,28.6,29.45,28,28.95,9988
HILTON,31-May-22,29.3,29.6,27.95,29.3,13297
HILTON,30-May-22,27.85,28.95,26.75,28.35,3648
HILTON,27-May-22,28.3,28.3,26.5,27.85,5999
HILTON,26-May-22,27.8,27.8,27,27.45,5192
HILTON,25-May-22,28.85,29,27.8,28.4,7270
HILTON,24-May-22,29.2,30.5,28.85,28.85,11340
HILTON,23-May-22,30.3,31.75,30.2,30.35,13279
HILTON,20-May-22,32,32.5,30.9,31.75,13461
HILTON,19-May-22,34.2,34.2,31.85,32.5,18725
HILTON,18-May-22,33.5,33.6,30.55,33.5,21589
HILTON,17-May-22,31.8,32,30,32,6179
HILTON,16-May-22,29.75,30.6,29.05,30.55,4182
HILTON,13-May-22,28.1,29.15,28.1,29.15,3450
HILTON,12-May-22,29.8,29.8,27.75,27.8,27613
HILTON,11-May-22,31.25,31.25,28.95,29.2,15512
HILTON,10-May-22,30.1,32.25,30.1,30.2,4386
HILTON,09-May-22,31.5,34.45,31.4,31.5,17513
HILTON,06-May-22,32.85,34.35,32.75,33.05,5906
HILTON,05-May-22,35.1,35.1,34.15,34.35,11466
HILTON,04-May-22,35.35,36.7,35.1,35.7,15784
HILTON,02-May-22,36.55,37.25,35.05,36.85,6093
